<configuration>

    <property name="LOG_PATTERN" value="%d{yyyy-MM-dd' T 'HH:mm:ss.SSSZ} %p %m%n"/>
    <property name="APP_LOG_ROOT" value="c:/temp"/>

    <appender name="console" class="ch.qos.logback.core.ConsoleAppender">
        <layout class="ch.qos.logback.classic.PatternLayout">
            <Pattern>
                %black(%d{ISO8601}) %highlight(%-5level) [%yellow(%t)] %blue(%C{1.}): %msg%n%throwable
            </Pattern>
        </layout>
    </appender>

    <appender name="unipolyLog" class="ch.qos.logback.core.rolling.RollingFileAppender">
        <file>${APP_LOG_ROOT}/unipoly.log</file>
        <encoder>
            <pattern>${LOG_PATTERN}</pattern>
        </encoder>
        <rollingPolicy class="ch.qos.logback.core.rolling.FixedWindowRollingPolicy">
            <fileNamePattern>${APP_LOG_ROOT}/unipoly-%i.log</fileNamePattern>
            <minIndex>1</minIndex>
            <maxIndex>10</maxIndex>
        </rollingPolicy>
        <triggeringPolicy class="ch.qos.logback.core.rolling.SizeBasedTriggeringPolicy">
            <maxFileSize>10MB</maxFileSize>
        </triggeringPolicy>
    </appender>

    <appender name="controllerLog" class="ch.qos.logback.core.rolling.RollingFileAppender">
        <file>${APP_LOG_ROOT}/controller.log</file>
        <encoder>
            <pattern>${LOG_PATTERN}</pattern>
        </encoder>
        <rollingPolicy class="ch.qos.logback.core.rolling.FixedWindowRollingPolicy">
            <fileNamePattern>${APP_LOG_ROOT}/controller-%i.log</fileNamePattern>
            <minIndex>1</minIndex>
            <maxIndex>10</maxIndex>
        </rollingPolicy>
        <triggeringPolicy class="ch.qos.logback.core.rolling.SizeBasedTriggeringPolicy">
            <maxFileSize>10MB</maxFileSize>
        </triggeringPolicy>
    </appender>

    <appender name="springLog" class="ch.qos.logback.core.rolling.RollingFileAppender">
        <file>${APP_LOG_ROOT}/spring-framework.log</file>
        <encoder>
            <pattern>${LOG_PATTERN}</pattern>
        </encoder>
        <rollingPolicy class="ch.qos.logback.core.rolling.FixedWindowRollingPolicy">
            <fileNamePattern>${APP_LOG_ROOT}/spring-framework-%i.log</fileNamePattern>
            <minIndex>1</minIndex>
            <maxIndex>10</maxIndex>
        </rollingPolicy>
        <triggeringPolicy class="ch.qos.logback.core.rolling.SizeBasedTriggeringPolicy">
            <maxFileSize>10MB</maxFileSize>
        </triggeringPolicy>
    </appender>


    <logger name="ch.zhaw.it.pm3.unipoly.UnipolyApp" level="DEBUG">
        <appender-ref ref="unipolyLog"/>
    </logger>

    <logger name="ch.zhaw.it.pm3.unipoly.Controller" level="DEBUG">
        <appender-ref ref="controllerLog"/>
    </logger>

    <logger name="org.springframework" level="DEBUG">
        <appender-ref ref="springLog"/>
    </logger>

    <!-- LOG everything at INFO level -->
    <root level="INFO">
        <appender-ref ref="console"/>
    </root>

</configuration>